,Position,Company Name,Location,Start Date,CTC (Annual),Experience,Posted Ago,Role
0,Junior Interior Designer,Dexterio Private Limited,Jaipur,Starts Immediately,"₹ 2,00,000 - 2,40,000",0-2 years,3 weeks ago,Job
1,Business Development Representative - B2B SaaS,Zylu Business Solutions Private Limited,Bangalore,Starts Immediately,"₹ 3,00,000 - 5,00,000",0-5 years,1 day ago,Job
2,Corporate Sales Specialist,Hot Stuffs Private Limited,Mumbai,Starts Immediately,"₹ 2,10,000 - 3,00,000",0-2 years,6 days ago,Job
3,Career Guidance Expert - Sales,NxtWave Disruptive Technologies Private Limited,Work from home,Starts Immediately,"₹ 3,00,000 - 6,00,000",0-5 years,2 weeks ago,Job
4,Video Content Creator,ReThought Technologies Private Limited,Delhi,Starts Immediately,"₹ 2,00,000 - 3,00,000",0-2 years,2 weeks ago,Job
5,SEO And Google Ads Executive,HireDesigners,Noida,Starts Immediately,"₹ 2,00,000 - 3,60,000",0-2 years,2 weeks ago,Job
6,Social Media Marketing Manager,ReThought Technologies Private Limited,Delhi,Starts Immediately,"₹ 2,00,000 - 3,50,000",0-2 years,2 weeks ago,Job
7,Operations Associate,Tyke Technology Private Limited,Mumbai,Starts Immediately,"₹ 2,40,000 - 2,70,000",0-2 years,1 week ago,Job
8,Business Development Associate (International Sales),Internshala,Gurgaon,Starts Immediately,"₹ 3,60,000 - 4,00,000",0-2 years,4 days ago,Job
9,Social Media Executive,Zivaya Wellness Private Limited,Indore,Starts Immediately,"₹ 2,00,000 - 4,20,000",0-2 years,Just now,Job
10,Senior Content Writer,Zivaya Wellness Private Limited,Indore,Starts Immediately,"₹ 2,00,000 - 4,80,000",0-2 years,Just now,Job
11,HR Executive,Zivaya Wellness Private Limited,Indore,Starts Immediately,"₹ 2,00,000 - 3,60,000",0-2 years,Just now,Job
12,Digital Marketing Executive,Zivaya Wellness Private Limited,Indore,Starts Immediately,"₹ 2,00,000 - 4,80,000",0-2 years,Just now,Job
13,Business Development Manager,Zivaya Wellness Private Limited,Indore,Starts Immediately,"₹ 2,00,000 - 4,80,000",0-2 years,Just now,Job
14,Business Development Executive,Empirical F & M Academy,Mumbai,Starts Immediately,"₹ 2,00,000 - 3,00,000",0-2 years,Just now,Job
15,Dealer (Broking Industry),Zigsaw Consultancy,"Vijayawada, Cochin, Visakhapatnam, Bangalore, Hyderabad, Coimbatore, Madurai",Starts Immediately,"₹ 3,00,000 - 5,50,000",1-4 years,Just now,Job
16,Human Resources (HR) Manager,MoLog Media & Advertising,Gurgaon,Starts Immediately,"₹ 5,00,000 - 6,00,000",3-5 years,Just now,Job
17,Associate Video Editor,Sarkariexam360,Work from home,Starts Immediately,"₹ 2,00,000 - 3,00,000",0-2 years,Just now,Job
18,Business Development Executive,DMatic Digital Private Limited,Pune,Starts Immediately,"₹ 2,00,000 - 2,20,000",0-2 years,Just now,Job
19,Music Tracker,Saregama India Limited,Work from home,Starts Immediately,"₹ 2,00,000 - 2,16,000",0-2 years,Just now,Job
20,Sales Support Executive,IPMovers IT Private Limited,Indore,Starts Immediately,"₹ 2,00,000 - 2,60,000",0-2 years,Just now,Job
21,Brand Development Strategist,Envision Next LLP,Navi Mumbai,Starts Immediately,"₹ 2,40,000 - 4,20,000",0-2 years,Just now,Job
22,Subject Matter Expert - Economics/Accounts,ProBrain,Moradabad,Starts Immediately,"₹ 2,20,000",0-2 years,Just now,Job
23,Advocate,Anuj Raval,Mumbai,Starts Immediately,"₹ 2,00,000",0-2 years,Just now,Job
24,Telephonic Admissions Counselor,MILLENNIUM WORLD SCHOOL BENGALURU NORTH,Bangalore,Starts Immediately,"₹ 2,50,000 - 3,00,000",0-2 years,Just now,Job
25,Junior Lead Generation Executive,Helloworld Technologies India Private Limited,Bangalore,Starts Immediately,"₹ 2,60,000 - 3,00,000",0-2 years,Just now,Job
26,Field Sales Manager,Daily Flowers India Private Limited,Bhubaneswar,Starts Immediately,"₹ 3,00,000 - 3,50,000",0-2 years,Just now,Job
27,Admissions Counselor,MILLENNIUM WORLD SCHOOL BENGALURU NORTH,Bangalore,Starts Immediately,"₹ 3,25,000 - 3,50,000",0-2 years,Just now,Job
28,Receptionist,MILLENNIUM WORLD SCHOOL BENGALURU NORTH,Bangalore,Starts Immediately,"₹ 2,50,000 - 3,00,000",0-2 years,Just now,Job
29,Business Development Manager,Gobabygo (OPC) Private Limited,"Delhi, Noida",Starts Immediately,"₹ 3,00,000 - 5,00,000",0-5 years,Just now,Job
30,UI/UX Designer,MiM-Essay,Delhi,Starts Immediately,"₹ 4,00,000 - 5,00,000",0-5 years,Just now,Job
31,Videographer,Zivaya Wellness Private Limited,Indore,Starts Immediately,"₹ 2,00,000",0-2 years,Just now,Job
32,Business Development Executive,Jus Amazin Foods & Beverages Private Limited,Bangalore,Starts Immediately,"₹ 2,00,000 - 2,50,000",0-3 years,Just now,Job
33,Marketing Executive,Jus Amazin Foods & Beverages Private Limited,Bangalore,Starts Immediately,"₹ 2,00,000",0-3 years,Just now,Job
34,Business Development Associate,Hedge Homes,Noida,Starts Immediately,"₹ 3,00,000 - 5,00,000",0-5 years,Just now,Job
35,Graphic Designer,Minus Equals Plus,"Gurgaon, Delhi",Starts Immediately,"₹ 2,20,000 - 3,00,000",1-3 years,Just now,Job
36,Academic Counselor,Eduonix Learning Solutions Private Limited,"Mumbai, Navi Mumbai, Thane, Panvel",Starts Immediately,"₹ 2,00,000 - 4,20,000",0-2 years,Just now,Job
37,Associate Content Developer (Mathematics),SKILLZINFINITY INDIA PRIVATE LIMITED,Hyderabad,Starts Immediately,"₹ 3,00,000 - 5,00,000",0-5 years,2 days ago,Job
38,Junior Social Media Marketing Specialist,Minus Equals Plus,"Gurgaon, Delhi",Starts Immediately,"₹ 2,00,000 - 3,00,000",1-2 years,Just now,Job
39,Digital Marketing Executive,Neeti Brand Accelerator,Mumbai,Starts Immediately,"₹ 4,00,000 - 4,50,000",0-2 years,3 days ago,Job
40,Finance Professional,HRM Solutions,Gurgaon,Starts Immediately,"₹ 2,00,000 - 2,40,000",1-3 years,Just now,Job
41,HR Executive & Corporate Assistant,Esinagrow.org,Pune,Starts Immediately,"₹ 2,00,000 - 2,40,000",0-2 years,Just now,Job
42,Maths Voiceover And Video Solutions Specialist (Female Only),InfyBytes AI Labs Private Limited,Work from home,Starts Immediately,"₹ 2,50,000 - 3,00,000",0-2 years,Just now,Job
43,Business Development Executive,Exaltica,Work from home,Starts Immediately,"₹ 4,00,000 - 6,00,000",0-5 years,Just now,Job
44,Subject Matter Expert (Advanced Physics),Vaidik EduServices Private Limited,Work from home,Starts Immediately,"₹ 2,00,000 - 3,00,000",0-2 years,Just now,Job
45,Sales Development Representative,Jalan Technology Consulting,Jaipur,Starts Immediately,"₹ 3,00,000 - 5,00,000",0-2 years,1 day ago,Job
46,Graphic Designer,The Mind Drama,Ahmedabad,Starts Immediately,"₹ 2,04,000 - 2,40,000",0-2 years,1 day ago,Job
47,Associate Product Designer,Jalan Technology Consulting,Jaipur,Starts Immediately,"₹ 3,00,000 - 6,00,000",1-3 years,1 day ago,Job
48,UI/UX Designer,Espangle Consulting,Gurgaon,Starts Immediately,"₹ 4,80,000 - 6,50,000",0-5 years,1 day ago,Job
49,Dispensing Optician,Santiniketan Medical College & Hospital,"Bolpur, Kolkata",Starts Immediately,"₹ 2,00,000 - 2,00,001",0-2 years,Today,Job
50,Corporate Sales Executive,Yira Health Tech,Hyderabad,Starts Immediately,"₹ 2,00,000 - 3,00,000",0-2 years,7 days ago,Job
51,Marketing Executive,SkillGenic Academy,Mumbai,Starts Immediately,"₹ 3,00,000 - 4,20,000",0-2 years,Today,Job
52,Social Media Manager,CyberFrat,Mumbai,Starts Immediately,"₹ 2,84,000 - 4,00,000",0-2 years,1 day ago,Job
53,Corporate Sales Executive,Blue Rose Publishers,Kolkata,Starts Immediately,"₹ 3,00,000 - 3,20,000",0-2 years,Today,Job
54,Senior Accountant,Gopal Kamlesh Sharma & Co Chartered Accountant,Mumbai,Starts Immediately,"₹ 3,00,000 - 5,00,000",0-5 years,3 days ago,Job
55,Junior Operations Executive,Daily Flowers India Private Limited,Mumbai,Starts Immediately,"₹ 3,00,000 - 4,00,000",0-2 years,Today,Job
56,Business Development Associate,Antano & Harini,Chennai,Starts Immediately,"₹ 3,60,000 - 7,20,000",0-5 years,Today,Job
57,Operations Executive - Multilingual,Astrotalk,Noida,Starts Immediately,"₹ 2,00,000 - 2,40,000",0-2 years,Today,Job
58,Business Development Executive,Blue Rose Publishers,"Delhi, Kolkata, Noida",Starts Immediately,"₹ 3,00,000 - 3,20,000",0-2 years,Today,Job
59,Business Development Executive,AKK Corporation,Lucknow,Starts Immediately,"₹ 2,40,000 - 3,50,000",0-2 years,Today,Job
60,CRM Executive,Eduauraa Technologies Private Limited,Mumbai,Starts Immediately,"₹ 5,00,000",2-5 years,Today,Job
61,Business Development Executive,AKK Corporation,Kolkata,Starts Immediately,"₹ 2,40,000 - 3,00,000",0-2 years,Today,Job
62,Social Media Marketing Team Lead,Digilligence,Thane,Starts Immediately,"₹ 2,00,000 - 2,05,000",0-2 years,Today,Job
63,Admin - MIS,Eduauraa Technologies Private Limited,Mumbai,Starts Immediately,"₹ 2,00,000 - 5,00,000",1-4 years,Today,Job
64,Business Development Executive (Bengaluru),Xboom Utilities Private Limited,Bangalore,Starts Immediately,"₹ 4,50,000 - 6,00,000",1-4 years,Today,Job
65,Operations Executive,Blue Rose Publishers,"Delhi, Noida",Starts Immediately,"₹ 3,00,000 - 4,00,000",0-2 years,Today,Job
66,Video Production Manager,MarkAce Marketing Private Limited,"Mohali, Chandigarh",Starts Immediately,"₹ 4,00,000 - 5,40,000",0-5 years,1 day ago,Job
67,Business Development Manager,Hedge Homes,Noida,Starts Immediately,"₹ 4,00,000 - 5,50,000",0-5 years,Today,Job
68,Document Verification Executive,Acme Services,Thane,Starts Immediately,"₹ 2,00,000 - 2,00,001",0-2 years,Today,"Job


Part time"
69,Executive Assistant,"Chamber Of Commerce, Sustainable Development And Foreign Relations",Delhi,Starts Immediately,"₹ 2,40,000 - 4,20,000",0-2 years,Today,Job
70,Digital Outreach Executive,Zedex Info Private Limited,Mumbai,Starts Immediately,"₹ 2,00,000",0-2 years,1 day ago,Job
71,Office Backend Staff,Job Master,Ambala,Starts Immediately,"₹ 2,00,000",0-2 years,Today,Job
72,Operations Manager,WhizJuniors,Mumbai,Starts Immediately,"₹ 4,00,000 - 4,20,000",0-2 years,Today,Job
73,Management Trainee,"Chamber Of Commerce, Sustainable Development And Foreign Relations",Delhi,Starts Immediately,"₹ 2,40,000 - 4,60,000",0-2 years,Today,Job
74,Business Development Manager,Daily Flowers India Private Limited,Mumbai,Starts Immediately,"₹ 6,00,000 - 8,00,000",0-5 years,Today,Job
75,Business Development Executive,AMB Logistic,"Nashik, Mumbai, Surat, Bhopal, Indore, Ahmedabad",Starts Immediately,"₹ 2,50,000 - 3,50,000",0-2 years,Today,Job
76,Digital Marketing Executive,Mobavenue Media Private Limited,Mumbai,Starts Immediately,"₹ 2,50,000 - 3,50,000",1-2 years,Today,Job
77,Human Resources (HR) Specialist,Ostello India Private Limited,Delhi,Starts Immediately,"₹ 2,00,000 - 3,50,000",0-2 years,1 day ago,Job
78,TA Associate,Jalan Technology Consulting,Jaipur,Starts Immediately,"₹ 2,00,000 - 2,50,000",0-2 years,Today,Job
79,Assistant Customer Relationship Manager,AKK Corporation,"Chennai, Coimbatore, Bangalore",Starts Immediately,"₹ 2,40,000 - 4,00,000",0-2 years,Today,Job
80,Sales Support Associate,MiM-Essay,Delhi,Starts Immediately,"₹ 3,00,000 - 4,00,000",0-2 years,1 day ago,Job
81,Junior Architect,Kove Design Studio,Noida,Starts Immediately,"₹ 3,00,000 - 3,50,000",0-2 years,3 weeks ago,Job
82,Associate Product Designer,Jalan Technology Consulting,Jaipur,Starts Immediately,"₹ 3,00,000 - 6,00,000",1-3 years,1 day ago,Job
83,Customer Service Executive,ISOMT Foundation,"Greater Noida, Noida",Starts Immediately,"₹ 2,00,000 - 2,40,000",0-2 years,1 day ago,Job
84,Video Editor,Espangle Consulting,Gurgaon,Starts Immediately,"₹ 4,80,000 - 6,50,000",0-5 years,1 day ago,Job
85,Direct Sales Executive,Eduauraa Technologies Private Limited,"Mumbai, Rajasthan, Madhya Pradesh, Delhi, Bangalore",Starts Immediately,"₹ 2,00,000 - 9,00,000",1-5 years,Today,Job
86,Business Manager,Espangle Consulting,Gurgaon,Starts Immediately,"₹ 4,80,000 - 7,50,000",0-5 years,1 day ago,Job
87,Human Resources (HR) Executive,Flutch Technology Private Limited,Bangalore,Starts Immediately,"₹ 2,60,000 - 3,50,000",0-2 years,Today,Job
88,E-Commerce Marketing Executive,Allo Innoware,Mumbai,Starts Immediately,"₹ 2,00,000 - 3,50,000",0-2 years,Today,Job
89,Graphic Designer,Blue Rose Publishers,"Noida, Delhi",Starts Immediately,"₹ 2,00,000 - 3,00,000",0-2 years,Today,Job
90,Associate Product Manager,Jalan Technology Consulting,Jaipur,Starts Immediately,"₹ 6,00,000 - 8,00,000",1-3 years,1 day ago,Job
91,Sales Development Representative,Jalan Technology Consulting,Jaipur,Starts Immediately,"₹ 3,00,000 - 5,00,000",0-2 years,1 day ago,Job
92,E-Commerce Manager,Daily Flowers India Private Limited,Mumbai,Starts Immediately,"₹ 2,00,000 - 3,00,000",0-2 years,Today,Job
93,Assistant Customer Relationship Manager,AKK Corporation,"Chandigarh, Gurgaon, Noida",Starts Immediately,"₹ 2,50,000 - 4,00,000",0-2 years,Today,Job
94,Client Service Manager,Gobabygo (OPC) Private Limited,"Noida, Delhi",Starts Immediately,"₹ 3,00,000 - 5,00,000",0-5 years,Today,Job
95,UI/UX Designer,Espangle Consulting,Gurgaon,Starts Immediately,"₹ 4,80,000 - 6,50,000",0-5 years,1 day ago,Job
96,Accountant,Guruji Astro,Jaipur,Starts Immediately,"₹ 2,00,000 - 2,10,000",0-2 years,1 day ago,Job
97,Product / Graphic Designer,Kove Design Studio,Noida,Starts Immediately,"₹ 2,50,000 - 3,50,000",0-2 years,3 weeks ago,"Job


Part time"
98,Corporate Sales Manager,Espangle Consulting,Gurgaon,Starts Immediately,"₹ 4,80,000 - 6,50,000",0-5 years,1 day ago,Job
99,Business Development Associate,SkilloVilla Technologies Private Limited,Bangalore,Starts Immediately,"₹ 9,00,000",0-3 years,Today,Job
100,Startup And Venture Capital Research Analyst,India Startup Foundation,Bangalore,Starts Immediately,"₹ 4,00,000 - 5,00,000",1 year,Today,Job
101,Anchor,QuadB Tech,Ludhiana,Starts Immediately,"₹ 2,00,000",0-2 years,3 days ago,Job
102,Video Editor,QuadB Tech,Ludiana,Starts Immediately,"₹ 2,00,000",0-2 years,3 days ago,Job
103,Client Relationship Manager,APSK Production & Entertainment Private Limited,Agra,Starts Immediately,"₹ 2,00,000 - 3,00,000",1-3 years,3 days ago,Job
104,Digital Marketing Executive,QuadB Tech,Ludhiana,Starts Immediately,"₹ 2,00,000",0-2 years,3 days ago,Job
105,Technical Writer,TheCoinRepublic,"Indore, Bhopal",Starts Immediately,"₹ 2,00,000 - 4,00,000",0-2 years,1 day ago,Job
106,Content Writer,TheCoinRepublic,"Indore, Bhopal",Starts Immediately,"₹ 2,00,000 - 4,00,000",0-2 years,1 day ago,Job
107,Senior Content Writer,SkillGenic Academy,Indore,Starts Immediately,"₹ 3,00,000 - 4,50,000",0-2 years,1 day ago,Job
108,Community Manager For Education Brand,MarkAce Marketing Private Limited,"Chandigarh, Mohali",Starts Immediately,"₹ 3,00,000 - 4,00,000",0-2 years,2 days ago,Job
109,Executive Assistant To Director,M/S Vigyan Lime & Chemicals,Dehradun,Starts Immediately,"₹ 2,00,000 - 2,40,000",0-2 years,2 days ago,Job
110,Graphic Designer,Jalan Technology Consulting,Jaipur,Starts Immediately,"₹ 2,00,000 - 4,00,000",1-3 years,1 day ago,Job
111,Digital Marketing Manager,SkillGenic Academy,Indore,Starts Immediately,"₹ 3,00,000 - 4,80,000",0-2 years,2 days ago,Job
112,Associate Content Developer (English),UFaber Edutech,Mumbai,Starts Immediately,"₹ 2,00,000",0-2 years,2 weeks ago,Job
113,Sales & Marketing Trainee,Eduauraa Technologies Private Limited,Mumbai,Starts Immediately,"₹ 2,00,000",0-5 years,1 day ago,Job
114,Content Writer,Jalan Technology Consulting,Jaipur,Starts Immediately,"₹ 2,00,000 - 4,00,000",1-4 years,1 day ago,Job
115,Administration Executive,Mapula Chemicals Private Limited,Mumbai,Starts Immediately,"₹ 2,00,000 - 3,00,000",0-2 years,2 days ago,Job
116,Corporate Sales Manager,Kanakaveda Private Limited,Mumbai,Starts Immediately,"₹ 5,00,000 - 5,50,000",2-5 years,2 days ago,Job
117,Inside Sales Executive,UFaber Edutech,"Mumbai, Kurla",Starts Immediately,"₹ 3,00,000 - 5,00,000",0-5 years,1 week ago,Job
118,Video Editor,Shantanu Chaudhary,Ghaziabad,Starts Immediately,"₹ 2,00,000 - 2,50,000",0-2 years,1 day ago,Job
119,Business Development Executive,Ispecia Technologies Private Limited,"Noida, Ghaziabad, Delhi",Starts Immediately,"₹ 2,00,000",0-2 years,2 days ago,Job
120,Stock Market Trader,TheCoinRepublic,"Bhopal, Indore",Starts Immediately,"₹ 2,00,000 - 5,00,000",0-5 years,1 day ago,Job
121,Corporate Sales Executive,Rishta Depot,Delhi,Starts Immediately,"₹ 2,00,000 - 4,20,000",0-2 years,1 day ago,Job
122,Associate Telecaller,UFaber Edutech,"Mumbai, Kurla",Starts Immediately,"₹ 3,00,000 - 5,00,000",0-5 years,1 week ago,Job
123,Education Counselor,UFaber Edutech,"Mumbai, Kurla",Starts Immediately,"₹ 3,00,000 - 5,00,000",0-5 years,1 week ago,Job
124,Business Development Associate,UFaber Edutech,Noida,Starts Immediately,"₹ 3,00,000 - 4,00,000",0-2 years,1 week ago,Job
125,Audit Associate,DonePull,Mumbai,Starts Immediately,"₹ 2,00,000",0-3 years,1 day ago,Job
126,Junior Search Engine Optimization (SEO) Associate,UFaber Edutech,Mumbai,Starts Immediately,"₹ 2,00,000",0-2 years,2 weeks ago,Job
127,Market Analyst,TheCoinRepublic,"Indore, Bhopal",Starts Immediately,"₹ 2,00,000 - 5,00,000",0-5 years,1 day ago,Job
128,Sales Development Representative,Qrata,Mumbai,Starts Immediately,"₹ 5,00,000 - 8,00,000",0-5 years,2 days ago,Job
129,SME- PCM/Eco/CSE ( Rotational Shift),CloudBird Digital Private Limited,Noida,Starts Immediately,"₹ 2,00,000",0-2 years,2 days ago,Job
130,Content Writer,LetsDressUp,Gurgaon,Starts Immediately,"₹ 2,16,000 - 2,64,000",0-2 years,2 days ago,Job
131,Equity Analyst,TheCoinRepublic,"Bhopal, Indore",Starts Immediately,"₹ 2,00,000 - 5,00,000",0-5 years,1 day ago,Job
132,International Business Development Manager,RECRUIT WORLD PRIVATE LIMITED,Mumbai,Starts Immediately,"₹ 3,00,000 - 4,00,000",0-2 years,2 days ago,Job
133,Sociology Faculty (UGC- NET),Unimonks,Delhi,Starts Immediately,"₹ 2,00,000 - 3,00,000",0-2 years,2 days ago,Job
134,Paid Media Associate,IIDE Education Private Limited,Mumbai,Starts Immediately,"₹ 3,00,000 - 4,50,000",0-2 years,2 days ago,Job
135,Telecaller,Shemrock & Shemford Group Of Schools,"Gurgaon, Delhi",Starts Immediately,"₹ 2,00,000 - 2,40,000",0-2 years,2 days ago,Job
136,Digital Marketing Manager,Intech Computers,Mumbai,Starts Immediately,"₹ 2,00,000 - 3,00,000",0-2 years,1 week ago,Job
137,Education Counselor,UFaber Edutech,Kolkata,Starts Immediately,"₹ 3,00,000 - 5,00,000",0-5 years,1 week ago,Job
138,Content Developer,Careers360,"Noida, Delhi, Gurgaon",Starts Immediately,"₹ 2,50,000 - 4,00,000",0-1 years,2 days ago,Job
139,Junior Social Media Marketing Executive,Think EBikeGO Private Limited,Mumbai,Starts Immediately,"₹ 3,00,000 - 4,00,000",0-2 years,1 day ago,Job
140,English Teacher,UFaber Edutech,Mumbai,Starts Immediately,"₹ 2,00,000 - 5,00,000",0-5 years,1 week ago,Job
141,Lead Generation Specialist,Pregrad,Noida,Starts Immediately,"₹ 4,00,000 - 5,00,000",0-5 years,1 day ago,Job
142,Growth Development Associate,YourDOST Health Solutions,Bangalore,Starts Immediately,"₹ 2,50,000 - 3,00,000",0-2 years,2 days ago,Job
143,Insurance Sales Specialist,Agni Rural Welfare Society,"New Town, Kolkata",Starts Immediately,"₹ 2,40,000 - 5,04,000",0-5 years,1 week ago,Job
144,Business Development Associate,Pregrad,Noida,Starts Immediately,"₹ 4,00,000 - 5,00,000",0-5 years,1 day ago,Job
145,Pre Sales Executive,Able Jobs,Bangalore,Starts Immediately,"₹ 3,00,000 - 4,00,000",0-2 years,2 days ago,Job
146,Research And Development,Synnat Pharma Private Limited,Vishakhapatnam,Starts Immediately,"₹ 2,00,000 - 2,40,000",0-2 years,2 days ago,Job
147,Business Development Associate,Able Jobs,Bangalore,Starts Immediately,"₹ 5,00,000 - 8,00,000",1-4 years,2 days ago,Job
148,Business Development Associate,ActiveLoc,Bangalore,Starts Immediately,"₹ 2,40,000 - 3,00,000",0-2 years,1 day ago,Job
149,Business Development Associate,The Skillians,"Delhi, Gurgaon, Noida",Starts Immediately,"₹ 4,00,000 - 5,00,000",0-5 years,1 day ago,Job
150,Business Development Executive,UFaber Edutech,Bangalore,Starts Immediately,"₹ 3,00,000 - 5,00,000",0-5 years,1 week ago,Job
151,Copywriter,Celebto Technologies Private Limited,Bangalore,Starts Immediately,"₹ 2,00,000",0-2 years,1 week ago,Job
152,Production Control Manager,SALUJA CAD CONSULTANCY,"Delhi, Gurgaon, Faridabad, Ghaziabad",Starts Immediately,"₹ 3,00,000 - 4,00,000",0-2 years,2 days ago,Job
153,E-Commerce Store Manager,MarkAce Marketing Private Limited,"Chandigarh, Mohali",Starts Immediately,"₹ 4,00,000 - 4,80,000",0-2 years,2 days ago,Job
154,Automotive Content Writer,College Dunia,Gurgaon,Starts Immediately,"₹ 2,40,000 - 3,50,000",0-2 years,5 days ago,Job
155,Business Development Specialist,HSV Media Private Limited,Gurgaon,Starts Immediately,"₹ 2,60,000 - 3,60,000",0-2 years,2 days ago,Job
156,Associate Graphic Designer,UNEAKO,Greater Noida,Starts Immediately,"₹ 2,00,000 - 2,40,000",0-2 years,1 day ago,Job
157,Retail Sales Executive,Disha Skill Training Services,Mumbai,Starts Immediately,"₹ 2,50,000 - 3,00,000",1-3 years,2 days ago,Job
158,Product Analyst Trainee,InstaAstro,Noida,Starts Immediately,"₹ 2,40,000 - 3,00,000",0-1 years,1 day ago,Job
159,Facility & Operations Manager,Supreme Cowork,Delhi,Starts Immediately,"₹ 3,00,000 - 4,00,000",0-2 years,2 days ago,Job
160,Investment Banking Associate,Mastork Technologies,"Delhi, Noida, Gurgaon",Starts Immediately,"₹ 2,00,000 - 3,00,000",0-2 years,2 days ago,Job
161,Junior Operations Manager,Mohite Consultancy Services (MCS),Delhi,Starts Immediately,"₹ 2,40,000 - 3,20,000",0-2 years,1 day ago,Job
162,Junior Social Media Marketing Manager,"Chamber Of Commerce, Sustainable Development And Foreign Relations",Delhi,Starts Immediately,"₹ 2,20,000 - 4,20,000",0-2 years,1 day ago,Job
163,Business Development Specialist,UFaber Edutech,Pune,Starts Immediately,"₹ 3,00,000 - 4,00,000",0-2 years,1 week ago,Job
164,Sales Trainee (MBA Fresher),Zigsaw Consultancy,Pune,Starts Immediately,"₹ 3,00,000 - 5,00,000",0 years,2 days ago,Job
165,Sales Associate,Milagro Universe,Mumbai,Starts Immediately,"₹ 2,00,000 - 5,00,000",0-5 years,3 days ago,Job
166,Behavioural Therapist,Leap Skills,"Pune, Thane, Kalyan, Navi Mumbai, Bhiwandi, Mumbai",Starts Immediately,"₹ 2,00,000",0-2 years,1 day ago,Job
167,E-commerce Management Manager,Offo Store LLP,Hyderabad,Starts Immediately,"₹ 2,50,000 - 4,00,000",0-2 years,2 days ago,Job
168,Architect,GMS Architecture And Interior,Bangalore,Starts Immediately,"₹ 2,50,000 - 3,20,000",0-2 years,2 days ago,Job
169,Junior Media & Public Relations (PR) Associate,Emoticon,Hyderabad,Starts Immediately,"₹ 2,00,000 - 5,00,000",0-5 years,2 days ago,Job
170,Sales Executive (InStore),RevoCap Solutions,"Mumbai, Navi Mumbai, Thane",Starts Immediately,"₹ 2,25,000 - 2,75,000",0-2 years,3 days ago,Job
171,Research Analyst,TheCoinRepublic,"Bhopal, Indore",Starts Immediately,"₹ 2,00,000 - 4,00,000",0-2 years,1 day ago,Job
172,Trader,TheCoinRepublic,"Indore, Bhopal",Starts Immediately,"₹ 2,00,000 - 5,00,000",0-5 years,1 day ago,Job
173,Graduate Management Trainee,Rusk Media,Mumbai,Starts Immediately,"₹ 3,60,000 - 4,80,000",0-2 years,3 days ago,Job
174,Soft Skill Trainer,Astrotalk,Noida,Starts Immediately,"₹ 2,00,000 - 2,40,000",0-2 years,3 weeks ago,Job
175,Inside Sales Associate (Academic Counsellor),IIDE Education Private Limited,Delhi,Starts Immediately,"₹ 3,00,000 - 5,00,000",0-5 years,2 days ago,Job
176,Business Development Associate,One Management International (London Market),Delhi,Starts Immediately,"₹ 2,00,000 - 3,60,000",0-2 years,3 days ago,Job
177,Sales Coordinator,Dialmaz Exports,Delhi,Starts Immediately,"₹ 2,00,000 - 2,76,000",0-2 years,2 days ago,Job
178,Graduate Management Trainee,Rusk Media,Delhi,Starts Immediately,"₹ 3,60,000 - 4,80,000",0-2 years,3 days ago,Job
179,Fashion Stylist,LetsDressUp,Gurgaon,Starts Immediately,"₹ 2,40,000 - 3,50,000",0-2 years,2 days ago,Job
180,Field Sales Executive/BDE,Zigsaw Consultancy,"Chennai, Hyderabad, Mumbai",Starts Immediately,"₹ 3,60,000",0-2 years,1 day ago,Job
181,Junior Manager- Travel And Tourism,Triluxo Technologies Private Limited,Noida,Starts Immediately,"₹ 2,50,000 - 4,50,000",0-2 years,3 days ago,Job
182,Backend Operations Executive,APSK Production & Entertainment Private Limited,Agra,Starts Immediately,"₹ 2,00,000 - 3,00,000",0-2 years,3 days ago,Job
183,Business Development Associate,SkillGenic Academy,Indore,Starts Immediately,"₹ 2,00,000 - 4,00,000",0-2 years,3 days ago,Job
184,SEO Executive,Numismatic Coin Collections Private Limited,Meerut,Starts Immediately,"₹ 2,00,000 - 2,20,000",0-2 years,3 days ago,Job
185,Operations Manager,Mastork Technologies,Delhi,Starts Immediately,"₹ 3,00,000 - 3,50,000",0-2 years,2 days ago,Job
186,Executive Assistant - CEO,Sharedpro,Vadodara,Starts Immediately,"₹ 2,50,000 - 3,00,000",0-2 years,4 days ago,Job
187,Customer Sales Executive,Gypsy Soul,Pune,Starts Immediately,"₹ 2,50,000 - 3,50,000",0-2 years,2 days ago,Job
188,Field Sales Executive,HAMVEE TEC PRIVATE LIMITED,Hyderabad,Starts Immediately,"₹ 3,00,000 - 4,00,000",0-2 years,2 days ago,Job
189,Facebook & Google Ad Expert,Numismatic Coin Collections Private Limited,Meerut,Starts Immediately,"₹ 2,00,000",0-2 years,3 days ago,Job
190,Business Development Executive,SimplyFI Softech India Private Limited,Bangalore,Starts Immediately,"₹ 3,00,000 - 4,00,000",0-2 years,2 days ago,Job
191,Business Development Associate,Innovate Networks E-Services Private Limited,Bangalore,Starts Immediately,"₹ 3,50,000 - 5,50,000",0-1 years,2 days ago,Job
192,Human Resources (HR) Executive,Osumare,Pune,Starts Immediately,"₹ 2,00,000 - 2,10,000",0-2 years,1 day ago,Job
193,Sales Manager,YourDOST Health Solutions,Bangalore,Starts Immediately,"₹ 3,00,000 - 4,00,000",0-2 years,3 days ago,Job
194,BD Executive (Females Only),AI Technologies Private Limited,Hyderabad,Starts Immediately,"₹ 2,00,000 - 2,50,000",0-2 years,4 days ago,Job
195,Social Media Executive,Shemrock & Shemford Group Of Schools,"Delhi, Gurgaon",Starts Immediately,"₹ 2,00,000 - 3,60,000",0-2 years,2 days ago,Job
196,Sr. Sales Executive,Milagro Universe,Mumbai,Starts Immediately,"₹ 4,00,000 - 7,00,000",0-5 years,3 days ago,Job
197,Digital Ops Executive Trainee,ET Media Labs,Noida,Starts Immediately,"₹ 2,00,000 - 3,00,000",0-2 years,2 days ago,Job
198,Data Entry Associate,Autoverse Mobility,Bangalore,Starts Immediately,"₹ 2,00,000",0-2 years,1 day ago,Job
199,Business Development Executive,OckyPocky,"Gurgaon, Delhi",Starts Immediately,"₹ 3,00,000 - 3,50,000",0-3 years,2 days ago,Job
200,Senior Partnership Manager,EIMR Global,Bangalore,Starts Immediately,"₹ 5,00,000 - 6,50,000",4-5 years,2 days ago,Job
201,Civil Engineer - Hyderabad,The Schon,Hyderabad,Starts Immediately,"₹ 2,50,000 - 4,00,000",0-2 years,2 days ago,Job
202,HR Head,Shree Chaitanya International,Noida,Starts Immediately,"₹ 2,50,000 - 5,00,000",0-5 years,1 day ago,Job
203,Corporate Sales Specialist,HSV Media Private Limited,Gurgaon,Starts Immediately,"₹ 3,20,000 - 4,80,000",0-2 years,3 weeks ago,Job
204,Content Writer,Shemrock & Shemford Group Of Schools,"Sohna, Delhi, Gurgaon",Starts Immediately,"₹ 2,00,000 - 3,00,000",0-2 years,2 days ago,Job
205,Customer Success Manager,WhizJuniors,Mumbai,Starts Immediately,"₹ 2,40,000 - 3,00,000",0-2 years,3 days ago,Job
206,Alliance Executive,Sharedpro,Vadodara,Starts Immediately,"₹ 3,00,000",0-1 years,4 days ago,Job
207,New Venture Associate,Raw Leaf Story,Delhi,Starts Immediately,"₹ 2,40,000 - 3,60,000",0-2 years,2 days ago,Job
208,Associate Project Manager,AddZ,Mumbai,Starts Immediately,"₹ 2,00,000 - 2,10,000",0-2 years,2 days ago,Job
209,Senior Social Media Marketing Executive,WebMatriks Technology,Faridabad,Starts Immediately,"₹ 2,00,000 - 3,00,000",0-2 years,2 days ago,Job
210,Junior Search Engine Optimization (SEO) Associate,RankItRight Media,Bangalore,Starts Immediately,"₹ 2,50,000 - 4,00,000",0-2 years,3 days ago,Job
211,Social Media Marketing Manager,Mastork Technologies,Delhi,Starts Immediately,"₹ 3,50,000 - 4,00,000",0-2 years,2 days ago,Job
212,Marketing Specialist,Bosscoder Academy,Noida,Starts Immediately,"₹ 4,00,000 - 5,00,000",0-5 years,2 days ago,Job
213,Accountant (Experienced),Numismatic Coin Collections Private Limited,Meerut,Starts Immediately,"₹ 2,00,000",0-2 years,3 days ago,Job
214,Business Research Executive,Suktam Healthcare Private Limited,Gurgaon,Starts Immediately,"₹ 3,60,000",0-2 years,2 days ago,Job
215,Outbound Sales (International),RankItRight Media,Bangalore,Starts Immediately,"₹ 5,00,000 - 9,00,000",0-4 years,3 days ago,Job
216,B2B/B2C Marketing & Sales Manager,WhizJuniors,Mumbai,Starts Immediately,"₹ 3,60,000 - 4,20,000",0-2 years,3 days ago,Job
217,Senior Videographer,Ramp Asia,Delhi,Starts Immediately,"₹ 2,40,000 - 4,20,000",0-2 years,2 weeks ago,Job
218,Corporate Sales Executive,Budgetree Technology Private Limited,Noida,Starts Immediately,"₹ 2,00,000 - 2,40,000",0-2 years,4 days ago,Job
219,Event Management Associate,Ramp Asia,Delhi,Starts Immediately,"₹ 2,00,000 - 2,50,000",0-2 years,3 days ago,Job
220,Junior Operations Associate,Sploot Private Limited,"Delhi, Faridabad, Gurgaon, Noida",Starts Immediately,"₹ 2,40,000 - 3,00,000",0-2 years,3 days ago,Job
221,Business Development Associate,Strategic Engagement And Event Solutions (SEES),Delhi,Starts Immediately,"₹ 3,00,000 - 4,00,000",0-2 years,3 days ago,Job
222,Linux & OpenStack Administrator,IDEA Foundation Panchkula,Chandigarh,Starts Immediately,"₹ 3,60,000 - 4,80,000",0-2 years,1 day ago,Job
223,Corporate Sales Executive,Kanakaveda Private Limited,Mumbai,Starts Immediately,"₹ 2,00,000 - 5,00,000",1-5 years,4 days ago,Job
224,Business Development Executive,WeMakeScholars,"Indore, Lucknow, Patna, Delhi, Pune, Gujarat, Hyderabad, Bhopal, Ranchi, Mumbai, Warangal, Secunderabad, Vijayawada, Vishakhapatnam, Begumpet",Starts Immediately,"₹ 3,00,000 - 3,70,000",0-2 years,1 day ago,Job
225,Medical Representative,Proceed Fit,Mumbai,Starts Immediately,"₹ 2,00,000",0-2 years,4 days ago,Job
226,Mental Health Counselor,Reminted Therapeutics,Delhi,Starts Immediately,"₹ 2,00,000 - 3,00,000",0-2 years,3 days ago,Job
227,Fashion Designer,Ramp Asia,Delhi,Starts Immediately,"₹ 2,16,000 - 2,40,000",0-2 years,3 days ago,Job
228,Application Engineer,IQM Solutions Private Limited,"Noida, Gurgaon, Durg, Faridabad, Raipur, Bhilai, Delhi, Ghaziabad",Starts Immediately,"₹ 2,00,000 - 2,40,000",0-2 years,3 days ago,Job
229,Business Development Associate,Ramp Asia,Delhi,Starts Immediately,"₹ 2,16,000 - 3,36,000",0-2 years,2 weeks ago,Job
230,Business Development Manager,Ramp Asia,Delhi,Starts Immediately,"₹ 3,00,000 - 4,20,000",0-2 years,2 weeks ago,Job
231,MIS Executive,Codezin Technology Solutions,Kolkata,Starts Immediately,"₹ 2,00,000 - 2,01,000",0-2 years,2 days ago,Job
232,Business Development Associate,Daphnis Labs Technologies Private Limited,Delhi,Starts Immediately,"₹ 3,00,000 - 4,00,000",0-2 years,3 days ago,Job
233,Engineer - Technical Sales & Services,Orbit Research Associates Private Limited,Delhi,Starts Immediately,"₹ 2,40,000 - 3,60,000",0-2 years,3 days ago,Job
234,Embedded Systems Executive,Ganges Internationale Private Limited,Delhi,Starts Immediately,"₹ 5,00,000 - 8,00,000",3-5 years,2 days ago,Job
235,Junior Social Media Marketing Associate,Gigde Global Solutions Private Limited,"Noida, Ghaziabad",Starts Immediately,"₹ 2,50,000 - 3,00,000",0-2 years,4 days ago,Job
236,Senior Telecaller,Legal Pillers,Delhi,Starts Immediately,"₹ 5,00,000 - 6,00,000",2-5 years,3 days ago,Job
237,Social Media Executive,InstaAstro,Noida,Starts Immediately,"₹ 2,00,000 - 2,50,000",0-1 years,3 days ago,Job
238,Training Business Associate,Porter,Mohali,Starts Immediately,"₹ 2,75,000",0-2 years,1 day ago,Job
239,Public Relations Executive,InstaAstro,Noida,Starts Immediately,"₹ 2,00,000 - 2,50,000",0-1 years,3 days ago,Job
240,Social Media Marketing Executive,Allo Innoware,Mumbai,Starts Immediately,"₹ 2,00,000 - 2,40,000",0-1 years,3 days ago,Job
241,Client Servicing Representative,Mobavenue Media Private Limited,Mumbai,Starts Immediately,"₹ 3,60,000 - 5,00,000",1-2 years,3 days ago,Job
242,Senior Social Media Marketing Executive,The Design Drama,Mumbai,Starts Immediately,"₹ 2,00,000 - 2,50,000",0-2 years,2 weeks ago,Job
243,Digital Marketing Specialist,BeyondExams,Delhi,Starts Immediately,"₹ 2,00,000 - 5,00,000",0-5 years,3 days ago,Job
244,Pre-Primary Teacher,Shemrock & Shemford Group Of Schools,Gurgaon,Starts Immediately,"₹ 2,00,000 - 3,00,000",0-2 years,5 days ago,Job
245,Program Executive,Sarthak Prayas,Delhi,Starts Immediately,"₹ 2,00,000 - 2,40,000",0-2 years,3 days ago,Job
246,Junior Social Media Marketing Associate,The Overseas Consultant,Mumbai,Starts Immediately,"₹ 2,00,000 - 2,20,000",0-2 years,4 days ago,Job
247,Associate Graphic Designer,STEMplify,Noida,Starts Immediately,"₹ 2,70,000 - 4,00,000",1-2 years,4 days ago,Job
248,Digital Marketing Executive,TheOther 2 Thirds Consulting LLP,Mumbai,Starts Immediately,"₹ 2,50,000 - 3,00,000",0-2 years,3 days ago,Job
249,Associate Content Writer,RankItRight Media,Bangalore,Starts Immediately,"₹ 4,00,000 - 6,00,000",0-5 years,3 days ago,Job
250,Junior Accountant,Honey Translation Services,Chennai,Starts Immediately,"₹ 2,50,000 - 3,50,000",0-2 years,3 days ago,Job
251,Senior Accountant,Honey Translation Services,Chennai,Starts Immediately,"₹ 2,00,000 - 2,75,000",0-2 years,3 days ago,Job
252,Accounts Executive,Codezin Technology Solutions,Kolkata,Starts Immediately,"₹ 2,00,000 - 2,50,000",0-2 years,3 days ago,Job
253,Junior Recruiter,WeMakeScholars,"Indore, Pune, Ahmedabad, Hyderabad, Keralapuram, Mahelaj, Tamilpadi",Starts Immediately,"₹ 3,00,000 - 3,20,000",0-2 years,2 days ago,Job
254,Junior Production Chemist,Synnat Pharma Private Limited,Visakhapatnam,Starts Immediately,"₹ 2,00,000 - 2,20,000",0-2 years,5 days ago,Job
255,3ds Max Graphic Designer,Ramp Asia,Delhi,Starts Immediately,"₹ 2,40,000 - 3,00,000",0-2 years,3 weeks ago,Job
256,Feild Sales Executive,Simplify Solutions,"Guntur, Warangal, Bangalore, Hyderabad, Assam, Kolkata",Starts Immediately,"₹ 2,50,000 - 4,50,000",0-2 years,2 days ago,Job
257,Business Development Executive,Exa Mobility India Private Limited,Pune,Starts Immediately,"₹ 4,00,000 - 8,00,000",0-5 years,3 weeks ago,Job
258,Telecaller (Inbound-Hindi),Honey Translation Services,Chennai,Starts Immediately,"₹ 5,20,000 - 5,30,000",0-5 years,3 days ago,Job
259,Content & E-commerce Management Manager,Daily Flowers India Private Limited,Mumbai,Starts Immediately,"₹ 6,00,000",0-5 years,3 weeks ago,Job
260,STEM Trainer (Bangalore),STEMplify,Bangalore,Starts Immediately,"₹ 2,50,000 - 3,50,000",0-3 years,4 days ago,Job
261,Graphic Designer,Think EBikeGO Private Limited,Mumbai,Starts Immediately,"₹ 3,00,000 - 4,00,000",0-2 years,3 days ago,Job
262,Student Advisor,Ace My Prep,Delhi,Starts Immediately,"₹ 4,80,000",0-2 years,3 days ago,Job
263,Human Resources (HR) Executive,Kiaya Accessories,Bangalore,Starts Immediately,"₹ 2,00,000 - 2,80,000",0-2 years,2 days ago,Job
264,Junior Social Media Marketing Executive,Trade Brains,Bangalore,Starts Immediately,"₹ 3,00,000 - 3,60,000",0-2 years,3 days ago,Job
265,WordPress Developer,MarketInc,Delhi,Starts Immediately,"₹ 2,00,000 - 3,00,000",0-2 years,1 day ago,Job
266,Business Development Associate,TheOther 2 Thirds Consulting LLP,"Mumbai, Bangalore",Starts Immediately,"₹ 2,00,000 - 3,50,000",0-2 years,3 days ago,Job
267,Business Development Executive,Zigsaw Consultancy,Gandhinagar,Starts Immediately,"₹ 5,00,000 - 6,00,000",2 years,5 days ago,Job
268,Subject Matter Expert (Chemistry),Vaidik EduServices Private Limited,Work from home,Starts Immediately,"₹ 2,00,000 - 3,00,000",0-2 years,Today,Job
269,Subject Matter Expert (Economics),Vaidik EduServices Private Limited,Work from home,Starts Immediately,"₹ 2,00,000 - 3,00,000",0-2 years,Today,Job
270,Faculty Member - Physics Department,Future Skills,Hyderabad,Starts Immediately,"₹ 4,08,000",0-2 years,4 days ago,Job
271,Assistant Professor (Chemistry),Future Skills,Hyderabad,Starts Immediately,"₹ 4,08,000",0-2 years,4 days ago,Job
272,Senior React.js/React Native Developer,Return Journey LLP,Pune,Starts Immediately,"₹ 3,00,000 - 6,00,000",0-5 years,1 day ago,Job
273,Accounts And Finance Manager,WhizJuniors,Mumbai,Starts Immediately,"₹ 3,60,000 - 4,20,000",0-2 years,3 days ago,Job
274,Subject Matter Expert,SPZ Solutions Pvt. Ltd.,Work from home,Starts Immediately,"₹ 2,00,000 - 2,50,000",0-2 years,Today,Job
275,Physics Teacher,Future Skills,Hyderabad,Starts Immediately,"₹ 4,08,000",0-2 years,4 days ago,Job
276,Site Engineer,Shalabh Varshney,Work from home,Starts Immediately,"₹ 2,00,000 - 2,40,000",0-2 years,Today,Job
277,Accountant,Digital Factorys,Pimpri-Chinchwad,Starts Immediately,"₹ 2,00,000 - 3,00,000",0-2 years,3 days ago,Job
278,Marketing Associate,MANTARA,Bangalore,Starts Immediately,"₹ 2,40,000 - 3,50,000",0-2 years,3 days ago,Job
279,3D Motion Graphics Artist,Intesome,Work from home,Starts Immediately,"₹ 2,00,000 - 5,00,000",0-5 years,Today,Job
280,Subject Matter Expert (Accounting),Vaidik EduServices Private Limited,Work from home,Starts Immediately,"₹ 2,00,000 - 3,00,000",0-2 years,Today,Job
281,Utility Engineer/Team Leader - Utilities,Synnat Pharma Private Limited,Visakhapatnam,Starts Immediately,"₹ 3,00,000 - 3,50,000",0-2 years,5 days ago,Job
282,Client Acquisition Associate,SkillGenic Academy,Indore,Starts Immediately,"₹ 2,00,000 - 3,00,000",0-2 years,5 days ago,Job
283,Client Acquisition Manager,SkillGenic Academy,Indore,Starts Immediately,"₹ 2,00,000 - 4,00,000",0-2 years,5 days ago,Job
284,PHP Developer,Zedex Info Private Limited,Mumbai,Starts Immediately,"₹ 2,00,000",0-2 years,2 days ago,Job
285,Business Development Manager,Milagro Universe,Mumbai,Starts Immediately,"₹ 4,00,000 - 12,00,000",0-5 years,4 days ago,Job
286,Customer Support Executive,Creators Lab India Private Limited,Chennai,Starts Immediately,"₹ 2,50,000 - 3,00,000",0-2 years,4 days ago,Job
287,Graphic Designer,Team Variance,Noida,Starts Immediately,"₹ 2,00,000 - 3,00,000",0-2 years,3 days ago,Job
288,3D Modeling And Animation,Intesome,Work from home,Starts Immediately,"₹ 2,00,000 - 5,00,000",0-5 years,Today,Job
289,Junior PHP Developer,Zedex Info Private Limited,Mumbai,Starts Immediately,"₹ 2,00,000",0-2 years,2 days ago,Job
290,Junior Field Sales Executive,Parragon Publishing India Private Limited,"Noida, Bangalore, Mumbai, Chandigarh, Kolkata, Chennai",Starts Immediately,"₹ 2,00,000 - 2,40,000",0-2 years,3 days ago,Job
291,Real Estate Analyst,Radiant Star Group,Work from home,Starts Immediately,"₹ 2,00,000 - 2,40,000",0-2 years,Today,Job
292,Academic Content Writing,Creators Lab India Private Limited,Chennai,Starts Immediately,"₹ 2,50,000 - 3,00,000",0-2 years,4 days ago,Job
293,Amazon PPC Expert,Zigsaw Consultancy,Udaipur,Starts Immediately,"₹ 2,00,000 - 3,00,000",0-1 years,1 week ago,Job
294,Sales And Marketing Executive,Centre For Success Private Limited,"Mohali, Chandigarh, Panchkula",Starts Immediately,"₹ 2,00,000 - 2,50,000",0-2 years,2 weeks ago,Job
295,Farmer Onboarder & Educator (In Rural Areas),One Root,"Satyamangalam, Thalavadi, Chamarajanagar",Starts Immediately,"₹ 3,00,000 - 3,50,000",0-2 years,7 days ago,Job
296,Business Development Executive,Nerdy Academy,"Bhilai, Durg",Starts Immediately,"₹ 2,40,000 - 4,60,000",0-2 years,3 weeks ago,Job
297,Customer Support Executive,GK Enterprises,Ludhiana,Starts Immediately,"₹ 2,00,000 - 3,00,000",0-2 years,1 week ago,Job
298,Business Development Sales,Techdome Solutions Private Limited,Indore,Starts Immediately,"₹ 2,00,000 - 4,00,000",0-2 years,5 days ago,Job
299,BDE – IT Sales,Zigsaw Consultancy,Indore,Starts Immediately,"₹ 2,50,000 - 3,00,000",0-2 years,5 days ago,Job
300,Business Development Executive,Nerdy Academy,Raipur,Starts Immediately,"₹ 2,00,000 - 4,60,000",0-2 years,3 weeks ago,Job
301,Business Development (Sales),D-Vivid Consultant,Ahmedabad,Starts Immediately,"₹ 2,00,000 - 3,00,000",0-2 years,5 days ago,Job
302,Sales Engineer,Diya Industrial Technologies Private Limited,"Ahmedabad, Jamshedpur",Starts Immediately,"₹ 3,00,000 - 4,00,000",0-2 years,7 days ago,Job
303,Junior Search Engine Optimization (SEO) Executive,Nrich Learning,Chandigarh,Starts Immediately,"₹ 2,00,000 - 2,50,000",0-2 years,1 week ago,Job
304,Inside Sales Executive,Network Science,Mumbai,Starts Immediately,"₹ 2,00,000 - 2,50,000",0-2 years,1 week ago,Job
305,Digital Marketing Associate,Relinns Technologies,Mohali,Starts Immediately,"₹ 3,00,000 - 5,00,000",0-5 years,5 days ago,Job
306,Business Development Executive,Upstep Academy,Mumbai,Starts Immediately,"₹ 2,00,000 - 4,00,000",0-2 years,6 days ago,Job
307,Business Development Executive,GTC Industries,Mumbai,Starts Immediately,"₹ 2,50,000 - 3,00,000",0-2 years,7 days ago,Job
308,Business Development Associate,Osprey Invites,Mumbai,Starts Immediately,"₹ 2,40,000",0-2 years,6 days ago,Job
309,Front Desk Manager,Zigsaw Consultancy,Honavar,Starts Immediately,"₹ 2,00,000 - 2,16,000",0-1 years,2 weeks ago,Job
310,Business Development Executive,Tring,"Mumbai, Panvel, Navi Mumbai, Thane",Starts Immediately,"₹ 2,50,000 - 3,00,000",1 year,5 days ago,Job
311,Business Development Executive,Webcap Technology,Thane,Starts Immediately,"₹ 2,00,000 - 3,00,000",0-2 years,2 weeks ago,Job
312,Marketing,Zigsaw Consultancy,Gurgaon,Starts Immediately,"₹ 3,00,000 - 3,50,000",0-1 years,1 week ago,Job
313,Corporate Sales Executive,PIN IT UP,Delhi,Starts Immediately,"₹ 2,00,000 - 2,40,000",0-2 years,3 weeks ago,Job
314,Business Development Associate (Mumbai),IB Cricket,Mumbai,Starts Immediately,"₹ 3,00,000 - 5,50,000",0-1 years,6 days ago,Job
315,Business Development Executive,Ayurveda House Private Limited,Delhi,Starts Immediately,"₹ 2,00,000 - 3,00,000",0-2 years,5 days ago,Job
316,Junior Sales Executive,Tring,"Mumbai, Navi Mumbai, Thane, Panvel",Starts Immediately,"₹ 2,00,000 - 3,00,000",0-1 years,5 days ago,Job
317,Business Development Associate,GenElek Technologies Private Limited,Delhi,Starts Immediately,"₹ 3,00,000 - 6,00,000",0-5 years,1 week ago,Job
318,Business Development Associate - Sales,UniAcco,Mumbai,Starts Immediately,"₹ 3,00,000 - 5,00,000",1-4 years,6 days ago,Job
319,Business Development Associate,Requin Solutions Private Limited,Jaipur,Starts Immediately,"₹ 2,00,000 - 2,10,000",0-2 years,1 week ago,Job
320,Customer Acquisition Executive,Guruji Astro,Jaipur,Starts Immediately,"₹ 2,00,000 - 2,40,000",0-1 years,1 week ago,Job
321,Business Development Executive (Enterprise Sales),Kaholas,Delhi,Starts Immediately,"₹ 3,60,000",0-2 years,1 week ago,Job
322,Sales Executive,Mirats Insights,Lucknow,Starts Immediately,"₹ 2,00,000 - 2,50,000",0-2 years,3 weeks ago,Job
323,Field Sales Executive,DELTON CABLES LIMITED,Jaipur,Starts Immediately,"₹ 2,00,000 - 2,40,000",0-2 years,6 days ago,Job
324,School Co-ordinater,STEMpedia,Ahmedabad,Starts Immediately,"₹ 2,00,000 - 2,40,000",0-2 years,2 weeks ago,Job
325,Creator Acquisition Specialist,Cosmofeed,Gurgaon,Starts Immediately,"₹ 3,00,000 - 3,60,000",0-2 years,1 week ago,Job
326,Video Editor,Stocktutor,Gurgaon,Starts Immediately,"₹ 2,00,000",0-2 years,5 days ago,Job
327,Video Editor,Guruji Astro,Jaipur,Starts Immediately,"₹ 2,00,000 - 4,00,000",1-3 years,1 week ago,Job
328,Service And Operations Coordinator,Jamboree Education Private Limited,Jaipur,Starts Immediately,"₹ 2,00,000 - 3,00,000",0-2 years,7 days ago,Job
329,Receptionist,Saroj Education Group,Lucknow,Starts Immediately,"₹ 2,00,000 - 3,00,000",0-2 years,1 week ago,Job
330,Business Development Executive,Synnat Pharma Private Limited,Visakhapatnam,Starts Immediately,"₹ 3,00,000 - 5,00,000",0-5 years,2 weeks ago,Job
331,Long Video Editor,Grow2Viral,Noida,Starts Immediately,"₹ 2,50,000 - 3,00,000",0-2 years,7 days ago,Job
332,Shorts Video Editor,Grow2Viral,Noida,Starts Immediately,"₹ 2,50,000 - 3,00,000",0-2 years,7 days ago,Job
333,Marketing And Sales Associate,Vegg,Surat,Starts Immediately,"₹ 3,00,000 - 4,00,000",0-2 years,3 weeks ago,Job
334,YouTube Thumbnail Designer,N B Media,Mohali,Starts Immediately,"₹ 2,40,000 - 3,60,000",0-2 years,2 weeks ago,Job
335,AutoCAD Designer - Architecture,SALUJA CAD CONSULTANCY,"Delhi, Gurgaon, Ghaziabad, Faridabad, Noida",Starts Immediately,"₹ 2,00,000 - 3,00,000",0-2 years,1 week ago,Job
336,Academic Content Expert - Statistics (English),QA Solvers,Varanasi,Starts Immediately,"₹ 2,50,000 - 3,50,000",0-2 years,2 weeks ago,Job
337,Academic Content Expert - Accountancy (English),QA Solvers,Varanasi,Starts Immediately,"₹ 2,50,000 - 3,50,000",0-2 years,2 weeks ago,Job
338,Accounts Executive,Confluencr,Nagpur,Starts Immediately,"₹ 2,00,000 - 4,50,000",0-2 years,1 week ago,Job
339,Videographer,The Mould Story,Mumbai,Starts Immediately,"₹ 2,16,000 - 2,50,000",0-2 years,1 week ago,Job
340,Sales Trainee,Stocktutor,Gurgaon,Starts Immediately,"₹ 2,00,000 - 4,00,000",0-2 years,5 days ago,Job
341,Academic Content Expert For Physics (English),QA Solvers,Varanasi,Starts Immediately,"₹ 2,50,000 - 3,50,000",0-2 years,2 weeks ago,Job
342,Event Management Executive,Kanakaveda Private Limited,Mumbai,Starts Immediately,"₹ 2,00,000 - 3,00,000",1-5 years,6 days ago,Job
343,Assistant Marketing Manager,Dee Tec Tools LLP,Mumbai,Starts Immediately,"₹ 2,00,000 - 2,50,000",0-2 years,3 weeks ago,Job
344,Junior Video Editor,YDigital,Mumbai,Starts Immediately,"₹ 2,00,000 - 2,00,001",0-2 years,1 week ago,Job
345,Front Office Executive,Meraki Habitats LLP,Mumbai,Starts Immediately,"₹ 2,00,000 - 3,00,000",0-2 years,1 week ago,Job
346,Business Development Executive,Nerdy Academy,Bhopal,Starts Immediately,"₹ 2,20,000 - 4,60,000",0-2 years,3 weeks ago,Job
347,Video Editor,NextEdge Labs,"Mumbai, Navi Mumbai, Thane",Starts Immediately,"₹ 2,00,000 - 2,00,001",0-2 years,6 days ago,Job
348,Content Writer,Qrata,Mumbai,Starts Immediately,"₹ 2,00,000 - 3,00,000",0-2 years,2 weeks ago,Job
349,Associate Content Writer,Disha Skill Training Services,Mumbai,Starts Immediately,"₹ 2,50,000 - 3,00,000",1-3 years,7 days ago,Job
350,Telecaller,Ikon Placement Agency,"Noida, Gurgaon",Starts Immediately,"₹ 2,00,000 - 3,00,000",0-2 years,1 week ago,Job
351,Corporate Sales Specialist,Social Blow Up,Dehradun,Starts Immediately,"₹ 2,40,000 - 40,00,000",0-5 years,1 week ago,Job
352,CMM Engineer,SALUJA CAD CONSULTANCY,"Delhi, Faridabad, Ghaziabad, Gurgaon, Noida",Starts Immediately,"₹ 2,00,000 - 3,00,000",0-2 years,1 week ago,Job
353,Motion Graphic Designer (Contract Basis),IIDE Education Private Limited,Mumbai,Starts Immediately,"₹ 2,40,000 - 3,00,000",0-2 years,7 days ago,Job
354,Business Development Executive,Polymatech Electronics Limited,Chennai,Starts Immediately,"₹ 2,00,000 - 2,40,000",0-2 years,1 week ago,Job
355,Telecaller,Rang Roop,Chennai,Starts Immediately,"₹ 2,40,000 - 2,70,000",0-2 years,1 week ago,Job
356,Corporate Sales Specialist,Social Blow Up,Dehradun,Starts Immediately,"₹ 2,10,000 - 4,00,000",0-2 years,1 week ago,Job
357,Sales Consultant,Zigsaw Consultancy,Chennai,Starts Immediately,"₹ 4,80,000",1-5 years,1 week ago,Job
358,Field Tally Support Executive,Antraweb Technologies Private Limited,Mumbai,Starts Immediately,"₹ 2,00,000 - 2,50,000",0-2 years,2 weeks ago,Job
359,Fusion 360 CAD Designer,The Mould Story,Mumbai,Starts Immediately,"₹ 3,00,000 - 3,30,000",0-2 years,7 days ago,Job
360,FPGA Developer,Vegg,Surat,Starts Immediately,"₹ 3,60,000 - 5,00,000",0-5 years,1 week ago,Job
361,Drone Development Engineer,IG Drones,Bhubaneswar,Starts Immediately,"₹ 2,50,000 - 3,50,000",0-2 years,7 days ago,Job
362,Customer Service Specialist,Dhairya Khera,Delhi,Starts Immediately,"₹ 2,00,000 - 3,00,000",0-2 years,7 days ago,Job
363,Store Cum Purchase Manager,SALUJA CAD CONSULTANCY,"Noida, Faridabad, Delhi, Ghaziabad, Gurgaon",Starts Immediately,"₹ 2,00,000 - 3,00,000",0-2 years,1 week ago,Job
364,Telecaller,Eta Solution,Ahmedabad,Starts Immediately,"₹ 2,00,000 - 2,50,000",0-2 years,2 weeks ago,Job
365,Sales Executive,ALYF PROPTECH PRIVATE LIMITED,Mumbai,Starts Immediately,"₹ 4,20,000 - 5,50,000",0-5 years,1 week ago,Job
366,CAD Engineer - Inventor And AutoCAD,SALUJA CAD CONSULTANCY,"Alwar, Delhi, Gurgaon, Neemrana, Noida",Starts Immediately,"₹ 2,00,000 - 3,00,000",0-2 years,1 week ago,Job
367,Academic Counselor,Zigsaw Consultancy,Chennai,Starts Immediately,"₹ 5,00,000",2-5 years,7 days ago,Job
368,Embedded Electronics Engineer,Primary Healthtech,Guwahati,Starts Immediately,"₹ 5,00,000",3-5 years,1 week ago,Job
369,Relationship Manager,TradeCred,Mumbai,Starts Immediately,"₹ 2,40,000 - 3,00,000",0-2 years,7 days ago,Job
370,Corporate Sales Executive,Gobind Coach Builders,Bhadaur,Starts Immediately,"₹ 2,00,000 - 3,00,000",0-2 years,3 weeks ago,Job
371,Product Growth Consultant,IESoft Technologies Private Limited,Mumbai,Starts Immediately,"₹ 2,40,000 - 3,00,000",0-2 years,6 days ago,Job
372,Senior Design Engineer,SALUJA CAD CONSULTANCY,"Delhi, Gurgaon, Noida, Manesar",Starts Immediately,"₹ 2,00,000 - 3,00,000",0-2 years,1 week ago,Job
373,Graphic Designer,Neubright Partners Private Limited,Mumbai,Starts Immediately,"₹ 3,00,000 - 3,60,000",0-2 years,7 days ago,Job
374,Graphic Designer,Osprey Invites,Mumbai,Starts Immediately,"₹ 2,00,000 - 3,00,000",0-2 years,6 days ago,Job
375,Junior Media & Public Relations (PR) Executive,MoLog Media & Advertising,"Delhi, Gurgaon",Starts Immediately,"₹ 5,00,000 - 5,25,000",3-5 years,7 days ago,Job
376,Junior Video Editor,The Diamond Talk,"Thane, Mumbai",Starts Immediately,"₹ 2,00,000 - 4,00,000",0-2 years,6 days ago,Job
377,Client Account Specialist,AssetPlus (ValuePlus Technologies Private Limited),Chennai,Starts Immediately,"₹ 3,00,000 - 4,00,000",0-2 years,7 days ago,Job
378,Corporate Sales Manager,Gobind Coach Builders,Bhadaur,Starts Immediately,"₹ 3,60,000 - 4,20,000",0-2 years,2 weeks ago,Job
379,Corporate Sales Executive,Musubi Management Private Limited,Bangalore,Starts Immediately,"₹ 2,40,000 - 3,00,000",0-2 years,1 week ago,Job
380,Field Sales Executive,DELTON CABLES LIMITED,Bangalore,Starts Immediately,"₹ 2,00,000 - 2,40,000",0-2 years,6 days ago,Job
381,Business Development Associate (Bangalore),IB Cricket,Bangalore,Starts Immediately,"₹ 3,00,000 - 5,50,000",0-1 years,6 days ago,Job
382,Corporate Sales Executive,The Schon,Bangalore,Starts Immediately,"₹ 2,50,000 - 4,50,000",0-2 years,5 days ago,Job
383,Junior Videographer,NRGY PLUS,Hyderabad,Starts Immediately,"₹ 2,00,000 - 2,10,000",1 year,6 days ago,Job
384,Digital Artist,Dashtoon,Bangalore,Starts Immediately,"₹ 3,00,000 - 4,50,000",0-2 years,1 week ago,Job
385,Business Development Associate,TripFactory Private Limited,Bangalore,Starts Immediately,"₹ 3,00,000 - 3,50,000",0-2 years,1 week ago,Job
386,Junior Company Secretary (CS),Polymatech Electronics Limited,Chennai,Starts Immediately,"₹ 3,60,000 - 6,00,000",0-5 years,1 week ago,Job
387,Business Development Associate,MANTARA,Bangalore,Starts Immediately,"₹ 2,40,000 - 3,60,000",0-2 years,7 days ago,Job
388,Azure Data Factory & Databricks Management,Techdome Solutions Private Limited,Indore,Starts Immediately,"₹ 2,00,000 - 4,00,000",0-2 years,5 days ago,Job
389,Executive Assistant To Founder,Shipra Vinay,Bangalore,Starts Immediately,"₹ 3,00,000",0-2 years,1 week ago,Job
390,Media Post-Production Trainee,Pereyan LLP,Bangalore,Starts Immediately,"₹ 2,40,000 - 4,00,000",0-2 years,1 week ago,Job
391,Associate - Content Moderator,Sigma AI,Bangalore,Starts Immediately,"₹ 3,00,000 - 3,60,000",0-2 years,1 week ago,Job
392,Business Development Associate,Jamboree Education Private Limited,Indore,Starts Immediately,"₹ 2,80,000 - 3,80,000",0-2 years,2 weeks ago,Job
393,Product Photography Trainee,Pereyan LLP,Bangalore,Starts Immediately,"₹ 2,40,000 - 4,00,000",0-2 years,1 week ago,Job
394,Junior Video Editor,WhatsTool Tech,Bangalore,Starts Immediately,"₹ 2,00,000 - 2,40,000",0-2 years,1 week ago,Job
395,Front Office Coordinator,Disha Skill Training Services,Mumbai,Starts Immediately,"₹ 3,00,000 - 3,20,000",0-1 years,1 week ago,Job
396,Junior Fashion Designer,DAC's Incorporation,Bangalore,Starts Immediately,"₹ 2,00,000 - 30,00,000",0-5 years,7 days ago,Job
397,Influencer Marketing Strategist,Confluencr,Bangalore,Starts Immediately,"₹ 3,00,000 - 5,00,000",0-5 years,5 days ago,Job
398,Search Engine Optimization (SEO) Trainee,Pereyan LLP,Bangalore,Starts Immediately,"₹ 2,40,000 - 4,00,000",0-2 years,1 week ago,Job
399,Video Editor,Pereyan LLP,Bangalore,Starts Immediately,"₹ 3,00,000 - 3,10,000",0-2 years,1 week ago,Job
400,Associate Interior Designer,ModScale,Bangalore,Starts Immediately,"₹ 2,00,000 - 3,00,000",0-2 years,6 days ago,Job
401,Marketing Manager,DAC's Incorporation,Bangalore,Starts Immediately,"₹ 3,00,000 - 4,00,000",0-2 years,1 week ago,Job
402,Sales Development Representative,SeekThem Private Limited,Ahmedabad,Starts Immediately,"₹ 2,00,000 - 2,20,000",0-2 years,2 weeks ago,Job
403,Digital Marketing Executive,Pereyan LLP,Bangalore,Starts Immediately,"₹ 2,40,000 - 3,50,000",0-2 years,1 week ago,Job
404,Business Development Executive,Mohite Consultancy Services (MCS),Koramangala,Starts Immediately,"₹ 2,16,000 - 2,40,000",0-2 years,1 week ago,Job
405,Engagement Strategist,OpeninApp,Bangalore,Starts Immediately,"₹ 2,00,000 - 8,00,000",0-5 years,1 week ago,Job
406,Brand Partnerships Associate,Confluencr,Bangalore,Starts Immediately,"₹ 3,00,000 - 4,50,000",0-2 years,6 days ago,Job
407,Business Development Executive,Nerdy Academy,Mumbai,Starts Immediately,"₹ 2,40,000 - 5,80,000",0-5 years,3 weeks ago,Job
408,Junior Lead Generation Associate,Fabulous Media Private Limited,Gurgaon,Starts Immediately,"₹ 2,00,000 - 3,00,000",0-2 years,5 days ago,Job
